TICKER,PRECO,DY,P/L,P/VP,P/ATIVOS,MARGEM BRUTA,MARGEM EBIT,MARG. LIQUIDA,P/EBIT,EV/EBIT,DIVIDA LIQUIDA / EBIT,DIV. LIQ. / PATRI.,PSR,P/CAP. GIRO,P. AT CIR. LIQ.,LIQ. CORRENTE,ROE,ROA,ROIC,PATRIMONIO / ATIVOS,PASSIVOS / ATIVOS,GIRO ATIVOS,CAGR RECEITAS 5 ANOS,CAGR LUCROS 5 ANOS, LIQUIDEZ MEDIA DIARIA, VPA, LPA, PEG Ratio, VALOR DE MERCADO
AALR3,19.76,0.0,-72.39,2.02,0.92,31.73,5.79,-2.87,35.85,46.28,10.43,0.59,2.07,-29.46,-1.12,0.85,-2.79,-1.27,2.7,0.46,0.53,0.44,3.62,0.0,8615838.44,9.8,-0.27,1.43,2337466044.16
ABCB4,15.56,6.53,5.64,0.73,0.08,37.27,26.57,19.79,4.2,4.2,0.0,0.0,1.12,-2.2,-0.08,0.18,12.94,1.4,0.0,0.11,0.89,0.07,7.15,9.74,12261742.82,21.31,2.76,0.08,3517962236.08
ABEV3,13.03,4.63,15.25,2.6,1.61,50.27,22.97,18.03,11.97,11.31,-0.66,-0.14,2.75,157.79,-2.21,1.04,17.05,10.56,20.02,0.62,0.37,0.59,9.82,1.41,298743687.71,5.01,0.85,3.61,205225325568.53
AERI3,2.8,0.74,45.27,2.16,0.69,11.08,8.41,2.02,10.87,14.58,3.71,0.73,0.91,1.74,-1.9,2.65,4.76,1.53,7.66,0.32,0.68,0.76,0.0,0.0,8382867.41,1.3,0.06,-0.75,2145397676.8
AESB3,10.74,0.56,10.95,1.62,0.42,22.78,14.53,25.41,19.15,34.49,15.34,1.3,2.78,2.83,-0.54,2.91,14.79,3.81,-2.7,0.26,0.64,0.15,0.0,0.0,17336808.26,6.63,0.98,0.0,5285223756.3
AGRO3,27.12,17.1,3.44,1.12,0.79,39.85,35.81,58.48,5.62,5.76,0.14,0.03,2.01,1.95,-1.63,4.91,32.67,23.09,14.65,0.71,0.29,0.39,55.29,151.67,21251768.03,24.12,7.88,0.01,2776464456.96
AGXY3,8.4,2.0,16.19,1.02,0.16,11.21,3.14,1.04,5.36,9.2,3.84,0.73,0.17,3.97,-0.91,1.05,6.32,0.99,7.19,0.16,0.84,0.95,0.0,0.0,620535.79,8.2,0.52,0.0,1434929907.6
ALLD3,11.45,11.63,4.04,0.7,0.27,13.72,6.66,4.42,2.68,3.41,0.73,0.19,0.18,1.18,-0.89,1.48,17.24,6.66,19.9,0.39,0.61,1.51,0.0,0.0,1134282.0,16.45,2.84,0.14,1067375663.9
ALPA4,20.07,2.17,23.2,2.54,1.54,48.45,13.31,14.87,25.92,20.98,-3.05,-0.3,3.45,9.22,-3.24,1.47,10.93,6.65,8.79,0.61,0.38,0.45,-0.53,10.32,112750469.32,7.91,0.87,0.16,12710897369.88
ALPK3,2.1,0.0,-2.22,0.88,0.18,26.64,0.11,-22.18,431.73,1664.34,1232.6,2.51,0.49,-0.86,-0.19,0.29,-39.61,-8.01,-0.09,0.2,0.8,0.36,0.0,0.0,1047287.53,2.39,-0.94,0.61,450295698.3
ALSO3,17.16,2.24,15.78,0.67,0.39,69.41,55.68,28.66,8.13,4.88,-3.24,-0.27,4.52,2.7,-0.49,3.64,4.23,2.48,6.45,0.58,0.32,0.09,22.33,24.57,42742537.29,25.69,1.09,0.09,4560660870.48
ALUP11,26.41,4.66,6.33,1.09,0.29,78.2,77.23,24.89,2.04,4.14,2.1,1.13,1.58,3.91,-0.35,1.78,17.26,4.6,15.12,0.27,0.6,0.18,27.49,31.52,26302954.68,24.17,4.17,0.5,7739109538.1
AMAR3,1.99,0.0,-4.58,0.62,0.2,44.23,-0.85,-5.52,-29.9,-86.49,-56.59,1.18,0.25,1.68,-0.41,1.32,-13.62,-4.46,-4.51,0.33,0.67,0.81,-2.41,0.0,12112410.56,3.19,-0.43,0.0,682242784.3
AMBP3,23.38,1.3,16.59,2.56,0.45,21.59,16.99,6.58,6.42,11.93,5.51,2.19,1.09,2.09,-0.72,2.26,15.4,2.68,7.1,0.17,0.8,0.41,0.0,0.0,32912132.82,9.15,1.41,0.12,2640434047.44
AMER3,13.53,4.59,21.53,0.8,0.28,30.11,4.29,2.15,10.8,18.03,7.24,0.54,0.46,1.4,-0.52,1.76,3.72,1.3,1.98,0.35,0.65,0.61,21.42,0.0,220209831.03,16.9,0.63,-0.07,12273291657.0
ANIM3,5.17,0.0,-9.08,0.73,0.19,55.89,11.91,-7.33,5.59,15.53,9.93,1.3,0.67,2.26,-0.24,1.7,-8.06,-2.12,3.79,0.26,0.7,0.29,22.51,0.0,12738373.74,7.06,-0.57,0.01,2088001721.85
APER3,28.01,0.25,68.01,1.08,0.6,100.0,7.36,2.85,26.34,19.54,-6.79,-0.28,1.94,8.99,-0.82,1.34,1.58,0.88,3.83,0.56,0.44,0.31,4.5,0.0,1946712.53,26.02,0.41,0.02,321558553.34
ARML3,12.24,1.5,54.01,3.73,1.32,47.2,32.46,14.69,24.44,27.19,2.75,0.42,7.93,3.26,-2.7,4.78,6.9,2.44,4.62,0.35,0.65,0.17,0.0,0.0,7054835.15,3.28,0.23,0.21,4232096537.04
ARZZ3,70.77,1.92,17.53,3.11,1.93,52.81,16.73,11.78,12.34,11.66,-0.68,-0.17,2.07,9.25,-4.06,1.66,17.75,11.01,18.91,0.62,0.38,0.94,18.73,30.72,82084575.94,22.75,4.04,0.01,7770278418.63
ASAI3,15.51,1.11,13.19,7.0,0.64,17.0,5.97,3.61,7.97,10.49,2.52,2.22,0.48,23.35,-1.03,1.08,53.08,4.88,17.75,0.09,0.91,1.35,0.0,0.0,121047453.47,2.21,1.18,4.41,20895275972.01
AURA33,37.83,5.19,7.25,1.76,0.81,41.3,27.82,15.68,4.09,4.05,-0.04,-0.02,1.14,3.81,-1.5,1.86,24.29,11.16,16.45,0.46,0.54,0.71,0.0,0.0,6116209.21,21.48,5.22,-0.23,2676187261.8
AURE3,13.35,0.75,507.57,1.04,0.47,28.7,30.66,1.46,24.13,27.13,3.0,0.13,7.4,5.63,-0.58,1.77,0.21,0.09,2.68,0.45,0.55,0.06,0.0,0.0,41076151.47,12.82,0.03,0.0,13350000000.0
AZEV4,2.2,0.0,4.48,1.01,0.26,18.34,24.69,18.16,3.3,4.05,0.35,0.11,0.81,-15.23,-0.38,0.95,22.53,5.87,22.51,0.26,0.74,0.32,-8.87,0.0,836242.47,2.18,0.49,-0.06,134491500.0
AZUL4,14.21,0.0,14.49,-1.15,1.01,17.86,1.33,10.94,119.09,164.38,131.61,0.0,1.58,-2.66,-1.41,0.43,-7.93,6.97,2.48,-0.88,1.88,0.64,8.38,0.0,154030107.76,-12.37,0.98,-0.12,4944782425.17
B3SA3,11.45,6.9,15.31,3.2,1.38,89.78,59.11,44.83,11.61,10.76,-0.85,-0.23,6.86,8.81,-2.26,1.67,20.92,8.99,11.6,0.43,0.57,0.2,34.69,25.83,482223112.38,3.58,0.75,3.74,69833550000.0
BBAS3,34.13,8.97,4.8,0.66,0.05,31.08,16.23,13.82,4.08,4.08,0.0,0.0,0.66,2.48,-0.05,7.7,13.75,1.02,0.0,0.07,0.92,0.07,-6.5,23.75,591793211.21,51.76,7.12,0.09,97796682892.6
BBDC3,15.4,5.93,7.12,1.07,0.1,39.92,22.47,17.82,5.65,6.21,0.0,0.0,1.27,1.79,-0.1,5.37,15.0,1.36,0.0,0.09,0.91,0.08,-5.09,5.2,131065216.5,14.43,2.16,0.37,180526605603.96
BBDC4,18.48,5.44,8.54,1.28,0.12,39.92,22.47,17.82,6.77,6.21,0.0,0.0,1.52,2.15,-0.12,5.37,15.0,1.36,0.0,0.09,0.91,0.08,-5.09,5.2,746631795.91,14.43,2.16,0.44,180526605603.96
BBRK3,0.8,0.0,-1.54,2.32,0.34,61.32,-43.71,-51.62,-1.82,-1.2,0.62,-0.79,0.8,4.58,-0.59,1.21,-150.41,-21.86,-54.73,0.15,0.85,0.42,5.4,0.0,1203952.58,0.34,-0.52,0.03,106222779.2
BBSE3,24.87,5.83,12.03,5.89,4.1,0.0,0.0,0.0,9.7,9.7,0.0,0.0,0.0,20.52,-6.07,2.6,48.97,34.11,0.0,0.7,0.3,0.0,0.0,0.6,113647122.97,4.22,2.07,2.49,49740000000.0
BEEF3,12.74,5.43,17.04,11.83,0.39,17.35,7.73,1.6,3.53,6.31,2.78,9.33,0.27,1.19,-1.23,1.9,69.39,2.26,13.65,0.03,0.97,1.41,22.82,18.43,97649301.82,1.08,0.75,-0.5,7736790605.18
BIDI11,10.4,0.77,-499.12,1.08,0.23,50.33,-5.35,-0.71,-66.25,-66.25,0.0,0.0,3.55,0.0,-0.24,0.0,-0.22,-0.05,0.0,0.22,0.78,0.07,5.8,0.0,193600647.62,9.67,-0.02,2.46,8991139764.53
BIDI3,3.4,0.79,-489.52,1.06,0.23,50.33,-5.35,-0.71,-64.98,-66.25,0.0,0.0,3.48,0.0,-0.24,0.0,-0.22,-0.05,0.0,0.22,0.78,0.07,5.8,0.0,7346403.91,3.22,-0.01,2.42,8991139764.53
BIDI4,3.41,0.79,-490.96,1.06,0.23,50.33,-5.35,-0.71,-65.17,-66.25,0.0,0.0,3.49,0.0,-0.24,0.0,-0.22,-0.05,0.0,0.22,0.78,0.07,5.8,0.0,39247251.03,3.22,-0.01,2.42,8991139764.53
BKBR3,6.05,0.0,-11.67,1.09,0.45,63.43,-1.58,-4.77,-35.19,-44.02,-8.83,0.27,0.56,-54.88,-0.56,0.96,-9.31,-3.83,-2.37,0.41,0.59,0.8,14.59,0.0,16301003.03,5.57,-0.52,0.16,1665900454.35
BLAU3,25.47,2.33,15.2,2.75,1.99,48.5,32.75,22.2,10.31,9.2,-1.1,-0.29,3.38,3.42,-6.96,5.42,18.07,13.08,15.3,0.72,0.28,0.59,0.0,0.0,9979347.44,9.27,1.68,-5.48,4569163626.33
BMGB4,2.4,13.15,7.16,0.37,0.04,29.5,-0.51,3.95,-55.38,-55.38,0.0,0.0,0.28,0.0,-0.04,0.0,5.2,0.57,0.0,0.11,0.89,0.15,13.33,0.08,1589875.82,6.44,0.34,-0.2,1399757786.4
BMOB3,12.38,1.63,13.65,1.1,0.8,27.67,11.03,10.24,12.68,6.74,-5.93,-0.52,1.4,1.96,-2.21,2.77,8.08,5.86,5.04,0.73,0.27,0.57,0.0,0.0,7218377.53,11.23,0.91,0.3,1125454558.96
BOAS3,5.39,1.47,13.58,1.41,1.15,51.84,5.18,22.01,57.69,33.96,-23.73,-0.58,2.99,2.34,-2.71,6.96,10.42,8.48,-1.28,0.81,0.19,0.39,6.65,0.0,10029315.24,3.81,0.4,0.04,2866571768.83
BPAC11,21.46,1.79,10.88,2.09,0.25,38.43,47.3,35.59,8.19,8.19,0.0,0.0,3.87,5.19,-3.51,1.05,19.25,2.31,0.0,0.12,0.88,0.06,5.25,9.82,272394523.97,10.25,1.97,0.2,82307111218.29
BPAN4,6.34,3.85,10.2,1.16,0.16,59.5,10.2,7.26,7.26,7.26,0.0,0.0,0.74,-0.34,-0.16,0.0,11.35,1.54,0.0,0.14,0.84,0.21,1.4,0.0,47401030.18,5.48,0.62,0.5,8282149413.1
BRAP3,23.44,36.46,1.26,1.2,1.19,0.0,0.0,0.0,1.27,1.25,-0.13,-0.12,0.0,10.78,-1.35,17.83,95.29,94.65,94.33,0.99,0.01,0.0,0.0,63.27,3342726.76,19.5,18.58,0.01,9931034399.12
BRAP4,26.25,35.81,1.41,1.35,1.34,0.0,0.0,0.0,1.43,1.25,-0.13,-0.12,0.0,12.07,-1.52,17.83,95.29,94.65,94.33,0.99,0.01,0.0,0.0,63.27,87886758.21,19.5,18.58,0.01,9931034399.12
BRBI11,13.9,5.83,9.88,1.92,0.35,36.49,17.71,22.54,12.57,5.47,-7.1,-1.09,2.23,1.85,-40.67,1.24,19.47,3.56,0.77,0.18,0.82,0.16,0.0,0.0,1673321.12,7.23,1.41,0.47,1459440285.6
BRFS3,12.83,0.0,-11.8,1.12,0.25,18.24,3.73,-2.36,7.49,14.58,7.09,1.06,0.28,2.02,-0.47,1.35,-9.48,-2.12,4.38,0.22,0.77,0.9,7.46,0.0,163434457.38,11.48,-1.09,0.07,13888131746.18
BRIT3,1.85,0.06,43.79,0.62,0.29,41.09,9.09,2.43,11.7,19.45,7.75,0.41,1.06,4.35,-0.39,1.38,1.41,0.67,2.28,0.47,0.53,0.27,0.0,0.0,2037943.79,3.01,0.04,-0.82,830825594.6
BRKM5,37.36,24.72,1.94,4.8,0.32,27.31,21.04,14.02,1.29,2.29,0.99,3.69,0.27,2.11,-0.56,1.56,247.82,16.61,45.75,0.07,0.93,1.18,17.25,0.0,104192128.44,7.78,19.29,0.0,30036619123.36
BRML3,7.72,0.69,31.57,0.59,0.33,90.34,51.9,16.52,10.05,13.99,3.95,0.23,5.22,7.36,-0.36,1.85,1.87,1.04,3.66,0.56,0.42,0.06,-2.54,3.41,140761382.41,13.09,0.24,-0.2,6394274384.48
BRPR3,8.52,1.24,-333.27,0.57,0.36,100.0,58.52,-3.71,21.11,31.92,10.82,0.29,12.35,17.22,-0.39,1.31,-0.17,-0.11,1.55,0.63,0.37,0.03,-6.86,0.0,29191701.94,14.92,-0.03,3.15,4039840618.44
BRSR6,9.36,12.55,4.86,0.43,0.04,49.55,8.92,8.79,4.78,5.25,0.0,0.0,0.43,0.53,-0.04,5.13,8.77,0.75,0.0,0.09,0.91,0.09,-5.99,1.6,24685703.71,21.97,1.93,0.92,4203269763.75
CAML3,9.7,3.72,28.98,1.22,0.43,20.22,6.77,1.34,5.72,8.74,3.03,0.64,0.39,1.18,-1.18,2.35,4.2,1.48,8.4,0.35,0.65,1.11,12.75,-9.77,13559005.91,7.98,0.33,-0.39,3492000000.0
CARD3,12.64,6.04,8.37,1.49,0.91,33.25,18.08,12.1,5.6,5.85,0.25,0.07,1.01,18.11,-1.29,1.21,17.83,10.86,14.81,0.61,0.39,0.9,1.99,12.59,2134897.59,8.47,1.51,0.33,528352000.0
CASH3,1.24,0.0,-20.51,1.49,1.15,-30.21,-30.21,-16.1,-10.93,-5.42,5.51,-0.75,3.3,1.8,-4.2,8.57,-7.25,-5.63,-16.41,0.78,0.21,0.35,0.0,0.0,50228953.15,0.83,-0.06,0.05,996550800.0
CBAV3,11.14,2.59,5.96,1.41,0.55,20.36,31.55,38.17,7.21,8.7,1.48,0.29,2.28,2.89,-0.88,2.06,23.6,9.3,11.33,0.39,0.61,0.24,0.0,0.0,59719458.41,7.91,1.87,-0.03,6637583329.62
CCRO3,12.47,1.31,7.28,2.19,0.53,55.61,49.39,20.59,3.04,5.56,2.52,1.82,1.5,5.52,-0.66,1.97,30.14,7.33,14.53,0.24,0.75,0.36,4.14,15.08,115356565.62,5.68,1.71,0.01,25189400000.0
CEAB3,2.54,0.0,2.49,0.28,0.09,46.89,1.63,5.65,8.61,20.11,11.5,0.37,0.14,0.63,-0.17,1.52,11.14,3.81,-5.62,0.34,0.66,0.68,1.51,0.0,16230726.62,9.17,1.02,-0.01,782942472.72
CGRA4,26.7,8.77,2.8,0.67,0.47,53.98,28.94,27.98,2.7,2.55,-0.19,-0.05,0.78,1.74,-0.88,2.33,23.93,16.66,18.15,0.7,0.3,0.6,9.46,23.58,524916.59,39.91,9.55,0.02,522374708.5
CIEL3,3.85,4.23,11.45,1.01,0.11,30.87,14.47,7.79,6.16,7.7,1.53,0.25,0.89,0.85,-0.74,1.17,8.83,0.92,6.91,0.1,0.86,0.12,-1.02,-25.59,97967568.71,3.81,0.34,0.19,10459737984.85
CLSA3,3.75,0.0,-5.53,0.95,0.73,31.2,-34.55,-27.43,-4.39,-0.97,3.41,-0.74,1.52,1.16,-3.55,4.82,-17.25,-13.19,-20.22,0.76,0.24,0.48,0.0,0.0,6906969.5,3.93,-0.68,0.01,704722725.0
CMIG3,16.01,8.16,7.37,1.71,0.69,20.09,20.29,13.92,5.05,5.01,1.07,0.36,1.03,12.23,-0.91,1.3,23.15,9.37,17.89,0.4,0.6,0.67,12.38,70.27,12010688.65,9.39,2.17,0.17,27520638167.6
CMIG4,10.74,12.16,4.94,1.14,0.46,20.09,20.29,13.92,3.39,5.01,1.07,0.36,0.69,8.21,-0.61,1.3,23.15,9.37,17.89,0.4,0.6,0.67,12.38,70.27,122900078.21,9.39,2.17,0.11,27520638167.6
CMIN3,4.52,19.39,5.22,1.68,1.03,55.44,47.02,27.45,3.05,2.77,-0.28,-0.15,1.43,4.02,-1.73,2.73,32.21,19.74,31.76,0.61,0.39,0.72,0.0,0.0,39906248.97,2.69,0.87,-0.25,24793731547.76
COCE5,48.99,3.44,7.44,1.06,0.32,17.4,12.51,5.96,3.54,6.71,3.56,1.07,0.44,-6.6,-0.47,0.86,14.31,4.37,11.89,0.31,0.69,0.73,14.63,5.46,720896.44,46.03,6.59,0.08,3394053669.55
COGN3,2.37,0.0,-10.81,0.35,0.16,60.12,3.92,-8.48,23.42,55.06,31.64,0.47,0.92,1.57,-0.21,1.69,-3.23,-1.45,0.53,0.45,0.52,0.17,-1.85,0.0,81188947.35,6.78,-0.22,0.12,4447556717.7
CPFE3,33.16,16.41,7.79,2.35,0.57,24.7,19.99,12.2,4.75,7.04,2.29,1.13,0.95,11.01,-0.76,1.27,30.19,7.34,15.23,0.24,0.73,0.6,15.46,40.34,158210718.82,14.1,4.26,0.24,38208757230.4
CPLE11,34.17,16.8,3.87,0.84,0.38,20.38,22.66,19.65,3.36,4.85,1.5,0.38,0.76,5.83,-0.49,1.4,21.79,9.75,12.62,0.45,0.55,0.5,12.85,40.08,13237094.5,40.52,8.83,0.25,18701608327.5
CPLE3,6.32,16.82,3.58,0.78,0.35,20.38,22.66,19.65,3.1,4.85,1.5,0.38,0.7,5.39,-0.45,1.4,21.79,9.75,12.62,0.45,0.55,0.5,12.85,40.08,7151237.94,8.1,1.77,0.23,18701608327.5
CPLE6,7.0,16.71,3.97,0.86,0.39,20.38,22.66,19.65,3.44,4.85,1.5,0.38,0.78,5.97,-0.5,1.4,21.79,9.75,12.62,0.45,0.55,0.5,12.85,40.08,73089229.47,8.1,1.77,0.25,18701608327.5
CRFB3,16.54,3.51,12.68,1.88,0.56,19.08,5.79,3.22,7.05,8.77,1.72,0.46,0.41,5.55,-1.18,1.24,14.86,4.43,12.42,0.3,0.68,1.37,10.34,17.15,70050001.76,8.78,1.3,-0.64,32852154057.0
CSAN3,18.34,4.38,5.73,2.2,0.36,23.88,31.23,21.34,3.92,7.48,3.56,2.0,1.22,3.02,-0.48,1.89,38.31,6.24,11.39,0.16,0.68,0.29,26.99,42.06,204922400.74,8.35,3.2,0.02,34370460892.88
CSED3,3.45,3.8,18.79,0.9,0.27,47.86,17.09,3.74,4.12,4.3,0.18,0.04,0.7,1.98,-0.37,2.05,4.81,1.43,12.25,0.3,0.7,0.38,0.0,0.0,1326256.97,3.82,0.18,0.0,1317286728.0
CSMG3,11.94,5.56,9.36,0.66,0.37,34.62,12.7,8.16,6.01,9.88,3.87,0.42,0.76,8.73,-0.45,1.32,7.04,3.94,6.13,0.56,0.44,0.48,7.89,2.25,19414757.44,18.13,1.28,-0.21,4540221643.86
CSNA3,17.02,12.58,2.74,1.03,0.3,43.59,35.42,17.22,1.33,2.23,0.9,0.69,0.47,1.8,-0.52,1.65,37.59,10.95,21.67,0.29,0.67,0.64,22.81,0.0,242309860.38,16.5,6.2,-0.13,22570118977.94
CURY3,6.09,11.28,5.7,2.74,0.61,37.38,21.2,16.88,4.54,4.0,-0.54,-0.33,0.96,2.57,-2.11,1.49,48.09,10.62,29.62,0.22,0.73,0.63,0.0,0.0,6668775.74,2.22,1.07,0.01,1777519285.92
CVCB3,9.64,0.0,-3.83,5.78,0.44,100.0,-36.99,-59.42,-6.15,-6.16,-0.01,0.01,2.28,-5.76,-1.1,0.89,-150.85,-11.42,-28.71,0.08,0.92,0.19,-4.94,0.0,121201624.35,1.67,-2.52,-0.01,2168371558.76
CXSE3,7.02,7.7,10.42,1.89,1.87,0.0,0.0,0.0,9.04,8.63,-0.42,-0.09,0.0,15.18,-2.16,13.42,18.18,18.0,17.96,0.99,0.01,0.0,0.0,13.16,19617102.88,3.71,0.67,0.79,21060000000.0
CYRE3,12.26,4.61,5.55,0.77,0.34,33.93,20.63,17.61,4.73,6.19,1.46,0.24,0.98,0.9,-0.79,3.13,13.9,6.22,8.81,0.45,0.51,0.35,8.44,42.32,85729521.41,15.9,2.21,-0.1,4900846715.74
DASA3,17.15,1.76,-54.29,1.27,0.39,30.09,2.9,-1.58,29.62,49.28,19.66,0.84,0.86,28.77,-0.54,1.05,-2.34,-0.72,1.33,0.31,0.69,0.46,27.93,0.0,5793248.94,13.51,-0.32,-0.5,9613917227.6
DESK3,6.75,0.21,20.99,0.66,0.25,56.59,21.25,6.26,6.18,9.94,3.76,0.4,1.31,16.74,-0.33,1.06,3.15,1.17,5.12,0.37,0.62,0.19,0.0,0.0,5520944.97,10.22,0.32,-2.73,588464412.75
DEXP3,7.77,4.95,3.48,1.47,0.52,20.1,14.15,10.26,2.53,3.15,0.63,0.36,0.36,1.36,-1.62,2.29,42.21,14.91,28.2,0.35,0.57,1.45,32.29,31.86,2847050.35,5.28,2.23,0.08,730369730.85
DIRR3,9.71,0.0,9.11,1.1,0.25,36.41,18.59,8.73,4.28,5.06,0.78,0.2,0.8,0.6,-0.52,4.88,12.03,2.75,10.75,0.23,0.74,0.31,5.52,0.0,16662746.53,8.85,1.07,0.4,1456500000.0
DMMO3,1.4,0.0,3.76,-1.56,2.69,62.67,96.5,86.85,3.38,3.24,-0.14,0.0,3.26,30.87,-5.28,1.22,-41.51,71.49,-46.13,-1.72,2.72,0.82,-1.34,0.0,35766192.29,-0.9,0.37,0.01,713559096.6
DXCO3,9.68,13.23,4.15,1.34,0.52,35.23,23.57,20.82,3.66,5.23,1.57,0.57,0.86,6.05,-0.82,1.31,32.27,12.54,17.3,0.39,0.61,0.6,15.88,137.22,37220666.62,7.23,2.33,0.02,7366121365.68
ECOR3,6.38,0.0,15.05,2.08,0.27,37.14,31.28,6.17,2.97,8.45,5.48,3.84,0.93,16.85,-0.31,1.12,13.82,1.76,9.7,0.13,0.86,0.29,10.46,0.0,35686637.65,3.07,0.42,-0.09,4442612349.12
EGIE3,42.0,5.95,20.4,4.1,0.87,48.85,40.74,13.6,6.81,9.99,3.18,1.91,2.77,15.19,-1.09,1.39,20.09,4.24,16.41,0.21,0.79,0.31,14.25,1.65,68838608.21,10.25,2.06,-0.51,34268965080.0
ELET3,42.89,1.72,13.95,1.2,0.5,67.04,33.06,17.5,7.38,9.24,1.86,0.3,2.44,5.47,-0.64,1.71,8.57,3.57,6.43,0.42,0.58,0.2,-9.01,14.54,732655821.53,35.88,3.07,-1.2,94075198788.64
ELET6,42.4,3.63,13.79,1.18,0.49,67.04,33.06,17.5,7.3,9.24,1.86,0.3,2.41,5.4,-0.63,1.71,8.57,3.57,6.43,0.42,0.58,0.2,-9.01,14.54,225912695.35,35.88,3.07,-1.19,94075198788.64
ELMD3,10.7,0.0,-921.74,1.97,0.98,34.8,6.2,-0.35,51.76,53.25,1.49,0.06,3.21,5.24,-1.63,1.87,-0.21,-0.11,1.92,0.5,0.5,0.3,0.0,0.0,2676474.56,5.43,-0.01,9.39,1497826157.1
EMBR3,11.58,0.0,193.74,0.68,0.18,17.58,4.81,0.21,8.38,15.89,7.51,0.61,0.4,0.65,-0.42,2.01,0.35,0.09,3.06,0.27,0.72,0.46,1.13,-40.34,116046420.97,16.94,0.06,-1.91,8574585209.52
ENAT3,18.26,9.36,3.56,1.22,0.79,38.07,100.8,60.44,2.14,1.35,-0.79,-0.45,2.15,2.62,-1.5,2.79,34.18,22.28,35.67,0.65,0.35,0.37,30.52,54.87,58102522.88,14.99,5.12,0.0,4853634085.3
ENBR3,20.75,10.57,5.51,1.04,0.33,22.96,21.11,11.52,3.01,5.46,2.45,0.85,0.64,3.61,-0.47,1.46,18.93,5.99,13.24,0.32,0.65,0.52,15.05,26.82,67048118.24,19.88,3.76,0.21,12059179311.0
ENEV3,14.54,0.0,16.16,1.99,0.87,39.33,33.4,23.42,11.33,16.48,5.16,0.9,3.78,17.89,-1.02,1.47,12.3,5.37,7.37,0.44,0.56,0.23,18.85,0.0,117870920.21,7.32,0.9,1.34,18659751720.82
ENGI11,44.5,6.4,6.45,1.81,0.3,23.61,19.39,8.99,2.99,6.47,3.48,2.11,0.58,7.95,-0.41,1.17,28.09,4.69,13.33,0.17,0.81,0.52,17.81,74.52,106489428.26,24.56,6.9,0.14,16150320386.0
ENJU3,1.36,0.0,-2.28,0.67,0.59,27.09,-124.55,-105.1,-1.93,0.68,2.61,-0.91,2.4,0.77,-4.62,8.71,-29.44,-26.0,-34.89,0.88,0.12,0.25,0.0,0.0,4371615.91,2.02,-0.6,-0.02,269773310.08
EQTL3,24.16,2.65,6.96,1.7,0.39,29.55,20.94,15.11,5.02,9.29,4.27,1.44,1.05,3.46,-0.53,1.7,24.38,5.57,10.86,0.23,0.74,0.37,24.97,40.66,247841851.06,14.24,3.47,0.19,27275059573.6
ESPA3,2.49,3.29,5.36,0.84,0.28,37.6,27.76,15.18,2.93,6.71,3.78,1.09,0.81,3.16,-0.45,1.3,15.7,5.18,11.27,0.33,0.67,0.34,0.0,0.0,14100905.74,2.96,0.46,0.61,608146559.34
ETER3,10.28,6.18,2.51,1.05,0.6,41.05,29.41,22.76,1.94,1.33,-0.61,-0.33,0.57,1.13,-2.22,3.57,41.82,23.74,40.98,0.57,0.43,1.04,6.3,0.0,13432075.59,9.8,4.1,0.27,635063191.0
EVEN3,4.62,1.59,6.02,0.53,0.16,27.14,9.35,7.92,5.1,2.49,-2.61,-0.27,0.48,0.47,-0.6,1.9,8.84,2.69,5.09,0.3,0.57,0.34,5.48,144.33,7824996.62,8.68,0.77,0.04,979440000.0
EZTC3,15.53,3.69,7.43,0.78,0.68,44.94,33.34,43.98,9.8,7.54,-2.26,-0.18,3.27,1.85,-1.21,6.17,10.53,9.11,7.11,0.87,0.12,0.21,10.85,14.94,33473117.85,19.85,2.09,0.48,3431960769.59
FESA4,50.81,6.33,5.37,1.71,1.25,47.02,38.14,32.04,4.51,4.17,-0.38,-0.14,1.72,3.96,-2.21,3.72,31.82,23.33,29.72,0.73,0.27,0.73,16.87,64.38,19084653.41,29.75,9.47,0.01,4522572800.0
FHER3,15.95,0.0,1.07,1.33,0.32,20.59,17.21,16.79,1.04,1.45,0.4,0.51,0.18,0.94,-1.04,2.0,124.03,30.38,74.68,0.24,0.76,1.81,-3.75,79.42,9844767.56,12.02,14.91,0.0,859023679.8
FIQE3,3.35,5.0,12.8,1.25,0.75,48.43,26.59,18.15,8.74,6.25,-2.49,-0.36,2.32,2.54,-1.42,2.65,9.74,5.85,8.19,0.6,0.4,0.32,0.0,0.0,2654975.12,2.69,0.26,0.18,1212866190.15
FLRY3,14.22,6.6,13.23,2.59,0.75,28.62,16.91,8.4,6.57,9.98,3.4,1.34,1.11,10.93,-1.03,1.35,19.6,5.7,11.95,0.29,0.71,0.68,13.06,8.36,32451377.97,5.48,1.07,1.68,4521163623.12
FRAS3,9.9,2.91,14.93,2.42,0.87,28.5,9.69,6.76,10.42,12.81,2.39,0.55,1.01,3.4,-1.82,1.95,16.19,5.81,12.08,0.36,0.64,0.86,26.01,22.73,3917973.71,4.1,0.66,-0.55,2673161795.7
GETT11,4.47,9.46,16.27,2.44,0.15,39.31,20.0,16.71,13.59,0.0,2.42,0.44,2.72,5.55,-4.16,1.03,15.03,0.91,8.51,0.06,0.94,0.05,0.0,0.0,4004242.24,1.83,0.27,0.13,0.0
GFSA3,1.27,0.0,6.27,0.24,0.09,27.33,25.79,8.11,1.97,6.74,4.77,0.57,0.51,0.25,-0.24,2.24,3.77,1.41,3.57,0.38,0.62,0.17,-2.22,0.0,9584830.47,5.38,0.2,-0.02,428556073.29
GGBR3,18.9,17.51,2.04,0.77,0.45,26.97,27.3,19.39,1.45,1.9,0.23,0.12,0.39,1.63,-0.86,2.43,37.72,22.32,30.76,0.59,0.41,1.15,15.78,0.0,1259280.35,24.61,9.29,0.01,37612849311.9
GGBR4,23.36,14.17,2.52,0.95,0.56,26.97,27.3,19.39,1.79,1.9,0.23,0.12,0.49,2.01,-1.07,2.43,37.72,22.32,30.76,0.59,0.41,1.15,15.78,0.0,408546030.03,24.61,9.29,0.01,37612849311.9
GGPS3,11.45,1.64,18.4,3.36,1.13,16.33,9.26,5.78,11.5,12.06,0.56,0.16,1.06,3.83,-2.42,2.26,18.24,6.16,10.98,0.34,0.66,1.07,0.0,0.0,16635868.85,3.41,0.62,2.58,7668166160.75
GMAT3,3.6,0.0,9.94,1.21,0.76,22.95,5.64,4.68,8.25,9.78,1.53,0.22,0.47,1.74,-1.97,3.44,12.12,7.65,10.76,0.63,0.36,1.63,0.0,0.0,24130015.74,2.99,0.36,2.88,7953645884.4
GOAU3,9.29,26.05,1.93,0.69,0.14,26.97,27.26,6.35,0.45,0.66,0.2,0.3,0.12,0.49,-0.27,2.49,35.71,7.23,30.21,0.2,0.4,1.14,15.78,0.0,863860.09,13.47,4.81,0.01,10533768566.96
GOAU4,9.89,24.47,2.06,0.73,0.15,26.97,27.26,6.35,0.48,0.66,0.2,0.3,0.13,0.52,-0.29,2.49,35.71,7.23,30.21,0.2,0.4,1.14,15.78,0.0,115693898.26,13.47,4.81,0.01,10533768566.96
GOLL4,10.22,0.0,-15.68,-1.8,2.11,-5.35,-35.6,-22.95,-10.11,-4.37,-3.04,0.0,3.6,-3.75,-2.54,0.23,-11.51,-13.44,42.37,-1.17,2.17,0.59,-5.51,0.0,106998149.53,-5.66,-0.65,0.24,4276942362.42
GRND3,7.41,5.94,11.19,1.62,1.45,42.36,14.37,25.56,19.91,16.47,-3.44,-0.28,2.86,2.73,-3.82,7.0,14.48,12.97,6.5,0.9,0.1,0.51,2.75,-1.2,15019787.62,4.57,0.66,0.61,6685005600.0
GUAR3,7.56,7.01,7.9,0.73,0.27,55.05,5.56,6.2,8.8,13.16,4.36,0.36,0.49,1.42,-0.68,1.45,9.26,3.39,2.02,0.37,0.63,0.55,4.05,8.52,12126608.24,10.34,0.96,-0.01,3773952000.0
HAPV3,6.15,0.57,265.18,0.89,0.6,27.3,2.1,1.34,168.99,193.78,24.79,0.13,3.54,97.11,-0.68,1.06,0.34,0.23,0.27,0.68,0.32,0.17,26.62,-18.37,404316455.62,6.88,0.02,-3.38,43925626643.4
HBOR3,2.55,7.09,4.04,0.25,0.08,27.54,14.45,9.2,2.57,10.16,7.59,0.75,0.37,0.19,-0.19,2.98,6.29,1.89,3.5,0.3,0.57,0.21,1.0,0.0,1755640.88,10.03,0.63,0.05,341320233.6
HBSA3,2.56,0.0,-15.84,1.46,0.33,31.18,19.1,-8.95,7.43,21.52,14.09,2.78,1.42,3.8,-0.4,1.92,-9.24,-2.08,3.41,0.23,0.77,0.23,23.22,0.0,12828090.26,1.75,-0.16,0.66,1946579566.08
HYPE3,38.18,3.23,17.62,2.44,1.19,63.73,33.63,21.93,11.49,14.62,3.14,0.67,3.86,9.5,-1.69,1.72,13.87,6.74,11.58,0.49,0.51,0.31,12.96,3.11,170622059.35,15.62,2.17,23.37,24184007022.14
IFCM3,4.34,0.0,-11.92,0.99,0.42,46.49,-10.89,-18.84,-20.62,-24.82,-4.21,0.2,2.25,-17.63,-0.62,0.93,-8.28,-3.49,-3.64,0.42,0.58,0.19,0.0,0.0,5615674.53,4.4,-0.36,0.01,1222302288.48
IGTI11,18.23,1.87,33.79,2.0,0.94,57.76,42.48,22.04,17.53,16.2,3.84,0.44,7.45,3.9,-1.36,4.63,5.93,2.79,3.19,0.47,0.53,0.13,5.11,56.44,62834834.53,9.1,0.54,0.33,4814707616.9
IGTI3,2.5,1.95,13.9,0.82,0.39,57.76,42.48,22.04,7.21,16.2,3.84,0.44,3.06,1.6,-0.56,4.63,5.93,2.79,3.19,0.47,0.53,0.13,5.11,56.44,547533.53,3.03,0.18,0.13,4814707616.9
INEP3,0.6,0.0,0.09,-0.08,0.07,33.66,5523.07,4913.34,0.08,0.7,0.62,0.0,4.19,-0.11,-0.08,0.1,-94.97,83.37,-313.35,-0.88,1.88,0.02,-18.75,0.0,1312728.29,-7.4,7.03,0.0,107170853.6
INTB3,25.23,1.36,22.11,4.18,2.47,29.3,10.96,11.48,23.16,22.46,-0.69,-0.13,2.54,4.9,-12.72,2.66,18.93,11.16,14.21,0.59,0.41,0.97,0.0,0.0,41721640.74,6.03,1.14,-1.44,8265628305.3
IRBR3,2.73,0.0,-5.3,0.94,0.17,-22.15,-27.94,-8.32,-1.58,-1.58,0.0,0.0,0.44,-1.28,-0.43,0.83,-17.68,-3.12,0.0,0.18,0.82,0.38,13.98,0.0,40238147.65,2.91,-0.52,0.09,3461340606.36
ITSA3,9.29,5.7,5.98,1.25,0.95,35.29,172.39,160.69,5.58,5.65,0.33,0.07,9.61,23.35,-1.07,1.6,20.92,15.96,18.51,0.76,0.2,0.1,11.75,10.8,908395.06,7.42,1.55,0.09,78217257067.45
ITSA4,8.63,6.13,5.56,1.16,0.89,35.29,172.39,160.69,5.18,5.65,0.33,0.07,8.93,21.7,-1.0,1.6,20.92,15.96,18.51,0.76,0.2,0.1,11.75,10.8,232070889.56,7.42,1.55,0.08,78217257067.45
ITUB3,19.99,2.92,7.07,1.28,0.09,61.2,19.7,12.75,4.58,4.97,0.0,0.0,0.9,0.0,-0.1,0.0,18.14,1.34,0.0,0.07,0.92,0.11,2.26,5.09,12219017.59,15.59,2.83,0.23,212751289268.46
ITUB4,23.45,2.49,8.29,1.5,0.11,61.2,19.7,12.75,5.37,4.97,0.0,0.0,1.06,0.0,-0.11,0.0,18.14,1.34,0.0,0.07,0.92,0.11,2.26,5.09,862019007.82,15.59,2.83,0.27,212751289268.46
JALL3,8.75,3.36,0.0,1.94,0.68,0.0,0.0,0.0,0.0,0.0,0.0,0.67,1.78,2.35,-1.3,2.58,0.0,0.0,0.0,0.35,0.65,0.38,0.0,0.0,8424675.26,4.51,0.0,0.0,2578599546.25
JBSS3,32.74,9.17,3.08,1.68,0.38,19.5,9.57,6.44,2.07,3.93,1.86,1.51,0.2,3.32,-0.64,1.41,54.61,12.46,21.44,0.23,0.75,1.94,15.53,151.68,288294207.03,19.47,10.63,0.04,72621129953.8
JHSF3,6.35,5.42,4.41,0.94,0.5,67.38,53.79,46.94,3.85,5.09,1.24,0.3,2.07,3.6,-0.65,2.57,21.27,11.41,16.42,0.54,0.45,0.24,39.13,0.0,21705403.0,6.77,1.44,0.23,4313736235.35
JSLG3,5.5,6.82,5.98,1.16,0.22,15.48,12.61,5.58,2.64,8.2,5.56,2.44,0.33,1.19,-0.34,2.19,19.45,3.72,10.18,0.19,0.81,0.67,-8.01,0.0,2960853.65,4.73,0.92,1.99,1575370929.0
KEPL3,16.34,6.6,6.35,2.98,1.41,31.53,22.3,16.19,4.61,4.3,-0.31,-0.2,1.03,8.04,-3.91,1.38,46.84,22.2,42.27,0.47,0.53,1.37,20.87,0.0,13572012.32,5.49,2.57,0.03,1468313462.1
KLBN11,20.25,5.05,6.26,2.64,0.57,48.75,36.29,20.83,3.6,6.42,2.83,2.08,1.3,3.29,-0.79,2.53,42.17,9.04,14.21,0.21,0.75,0.43,18.37,7.92,130292806.06,7.67,3.23,0.03,22752465661.8
KLBN3,4.36,4.7,6.74,2.84,0.61,48.75,36.29,20.83,3.87,6.42,2.83,2.08,1.4,3.55,-0.85,2.53,42.17,9.04,14.21,0.21,0.75,0.43,18.37,7.92,544396.62,1.53,0.65,0.03,22752465661.8
KLBN4,4.0,5.12,6.19,2.61,0.56,48.75,36.29,20.83,3.55,6.42,2.83,2.08,1.29,3.25,-0.78,2.53,42.17,9.04,14.21,0.21,0.75,0.43,18.37,7.92,2217796.79,1.53,0.65,0.03,22752465661.8
KRSA3,2.77,0.0,-34.35,1.71,0.49,25.41,10.85,-4.08,12.92,23.53,10.61,1.4,1.4,-121.04,-0.64,0.98,-4.96,-1.43,3.59,0.29,0.69,0.35,0.0,0.0,975436.06,1.62,-0.08,0.11,2136763429.8
LAND3,28.99,0.71,186.72,4.01,2.77,90.48,50.8,16.64,61.16,62.23,1.08,0.07,31.07,302.33,-3.05,1.11,2.15,1.48,4.44,0.69,0.31,0.09,0.0,0.0,1078096.0,7.23,0.16,-4.19,2789619628.38
LAVV3,4.66,16.85,5.12,0.78,0.52,40.62,27.45,29.39,5.48,2.44,-3.03,-0.43,1.5,0.93,-2.28,3.67,15.32,10.22,11.86,0.67,0.29,0.35,0.0,0.0,5537590.44,5.95,0.91,0.06,929830080.32
LCAM3,22.78,2.47,9.55,2.28,0.62,41.43,29.33,14.6,4.75,8.15,3.4,1.63,1.39,19.3,-0.78,1.18,23.92,6.45,12.51,0.27,0.73,0.44,53.89,111.18,50925082.5,9.98,2.39,0.03,11588855982.58
LEVE3,23.33,18.01,5.31,1.69,0.99,26.54,19.21,15.36,4.25,4.07,-0.17,-0.07,0.82,3.71,-2.24,1.91,31.78,18.61,28.36,0.59,0.42,1.21,11.02,86.99,8003213.09,13.82,4.39,0.04,2993437305.0
LIGT3,8.0,3.17,8.93,0.35,0.11,16.88,8.14,2.26,2.48,8.71,6.23,0.87,0.2,1.44,-0.15,1.33,3.87,1.2,2.98,0.31,0.69,0.53,9.08,0.0,28348321.24,23.16,0.9,-0.29,2980442592.0
LJQQ3,7.12,1.72,28.77,2.5,0.52,37.62,6.82,2.17,9.14,10.31,1.17,0.32,0.62,1.73,-1.5,1.85,8.68,1.81,14.31,0.21,0.79,0.83,0.0,0.0,19396313.71,2.85,0.25,-0.67,1333506715.28
LLIS3,1.77,0.0,-0.14,-0.21,0.08,54.02,-69.12,-91.77,-0.19,-2.88,-2.69,0.0,0.13,-2.25,-0.12,0.9,-147.26,-56.31,-56.39,-0.38,1.38,0.61,-4.9,0.0,801317.5,-8.52,-12.54,0.0,121865967.33
LOGG3,19.12,4.53,5.0,0.57,0.38,98.45,258.96,254.72,4.92,8.02,3.11,0.36,12.73,173.24,-0.41,1.03,11.35,7.55,7.89,0.67,0.33,0.03,9.07,61.43,7729226.59,33.71,3.83,0.07,1953283024.48
LOGN3,32.59,0.0,19.38,6.38,1.22,23.11,21.17,12.03,11.01,13.8,2.79,1.62,2.33,7.26,-1.88,1.91,32.92,6.29,15.2,0.19,0.81,0.52,11.96,13.73,9000404.32,5.11,1.68,0.28,3470075359.69
LPSB3,2.68,2.82,9.27,2.1,0.95,81.65,16.78,19.7,10.89,8.36,-2.53,-0.49,1.83,7.33,-1.42,1.63,22.67,10.19,15.24,0.45,0.56,0.52,8.4,0.0,1825568.62,1.27,0.29,0.02,395446411.08
LREN3,23.74,2.1,24.15,2.44,1.12,58.98,9.75,8.38,20.76,19.02,-1.74,-0.2,2.02,3.92,-3.24,1.77,10.1,4.62,7.9,0.46,0.54,0.55,10.38,9.24,305021447.12,9.73,0.98,6.61,23486078621.8
LUPA3,3.6,0.0,6.44,0.79,0.21,25.98,-28.74,15.62,-3.5,-7.52,-4.03,0.91,1.01,0.78,-0.39,2.38,12.31,3.26,-13.16,0.26,0.74,0.21,-7.55,-6.87,2342698.85,4.54,0.56,-0.11,105160176.0
LVTC3,6.99,2.49,7.42,0.72,0.34,26.73,12.4,5.63,3.37,3.24,-0.13,-0.03,0.42,1.82,-0.74,1.55,9.66,4.64,18.63,0.48,0.52,0.82,0.0,0.0,3916023.12,9.75,0.94,-0.46,451994810.37
LWSA3,5.48,0.0,-1138.13,1.1,0.7,45.51,0.75,-0.32,484.07,265.38,-218.69,-0.5,3.64,2.32,-1.33,2.75,-0.1,-0.06,-1.02,0.64,0.36,0.19,23.75,0.0,124201977.06,4.98,0.0,9.42,3234555576.64
MATD3,8.3,1.08,21.59,1.91,0.71,38.2,22.27,12.89,12.5,13.8,1.3,0.2,2.78,3.25,-1.04,3.18,8.87,3.28,6.16,0.37,0.62,0.25,0.0,0.0,5114842.53,4.34,0.38,0.0,3173337514.3
MBLY3,2.5,0.0,-3.12,0.43,0.29,39.19,-11.68,-12.08,-3.23,-2.9,0.34,-0.05,0.38,0.62,-0.77,3.74,-13.84,-9.16,-10.38,0.66,0.34,0.76,0.0,0.0,5023277.29,5.78,-0.8,-0.06,266224760.0
MDIA3,24.13,8.07,15.5,1.3,0.82,27.94,5.2,6.43,19.14,21.04,1.9,0.13,1.0,3.22,-1.37,2.77,8.36,5.29,3.35,0.63,0.37,0.82,7.96,-7.62,35060566.91,18.62,1.56,-0.87,8180070000.0
MDNE3,5.58,0.0,5.31,0.43,0.18,38.65,11.03,14.15,6.81,5.52,-1.3,-0.08,0.75,0.83,-0.3,2.19,8.12,3.41,4.47,0.42,0.58,0.24,0.55,0.0,1312530.47,12.93,1.05,-0.02,473794312.5
MEAL3,1.66,0.0,-7.23,0.47,0.17,31.85,1.33,-3.26,17.68,28.68,10.99,0.29,0.24,4.11,-0.22,1.24,-6.43,-2.39,1.19,0.37,0.63,0.73,3.75,0.0,4391299.44,3.57,-0.23,0.08,475373419.8
MEGA3,10.2,0.0,-60.58,1.38,0.44,19.8,14.46,-17.96,75.24,141.72,66.48,1.22,10.88,12.42,-0.53,1.26,-2.28,-0.73,0.62,0.32,0.68,0.04,0.0,0.0,19708454.44,7.39,-0.17,0.0,5809903353.6
MELK3,3.61,11.01,8.29,0.64,0.38,25.26,8.46,11.12,10.91,5.82,-5.09,-0.3,0.92,0.7,-2.74,2.67,7.69,4.54,4.31,0.59,0.38,0.41,0.0,0.0,663682.15,5.66,0.44,0.12,750769321.01
MGLU3,2.38,0.65,94.09,1.44,0.48,24.72,0.08,0.48,578.06,755.11,177.06,0.44,0.45,1.84,-1.13,1.8,1.54,0.51,-5.86,0.33,0.67,1.06,29.98,14.55,529949988.5,1.65,0.03,-1.3,16062445898.24
MILS3,6.4,4.78,11.59,1.39,0.88,58.38,23.53,16.6,8.18,7.94,-0.24,-0.04,1.92,2.44,-1.66,4.4,12.04,7.63,8.63,0.63,0.36,0.46,13.23,0.0,7389513.0,4.59,0.55,0.0,1575576678.4
MLAS3,4.79,2.57,5.23,0.94,0.62,26.24,15.05,17.02,5.91,5.92,0.01,0.0,0.89,1.05,-3.82,3.36,17.99,11.86,12.72,0.66,0.34,0.7,0.0,0.0,9218080.5,5.09,0.92,0.32,3930382887.75
MODL11,7.35,5.1,13.39,1.33,0.23,69.68,18.43,10.8,7.85,7.85,0.0,0.0,1.45,0.0,-0.31,0.0,9.95,1.71,0.0,0.17,0.83,0.16,0.0,0.0,5129326.0,5.52,0.55,0.1,1725290000.0
MOVI3,14.0,9.79,5.24,1.56,0.24,44.24,31.95,14.91,2.44,6.41,3.97,2.54,0.78,1.19,-0.38,2.25,29.87,4.62,9.72,0.15,0.85,0.31,23.01,89.42,50266630.88,8.95,2.67,0.03,5072229204.0
MRFG3,13.31,24.27,2.21,2.74,0.19,20.37,15.12,4.61,0.67,2.26,1.59,6.46,0.1,1.92,-0.34,1.29,124.16,8.59,28.07,0.07,0.89,1.86,35.31,0.0,132660579.88,4.86,6.03,0.18,9202133542.03
MRVE3,8.15,1.99,5.33,0.65,0.19,24.01,15.46,10.28,3.54,7.83,4.29,0.79,0.55,0.62,-0.36,2.71,12.28,3.54,6.39,0.29,0.69,0.34,10.87,5.83,76516184.88,12.46,1.53,0.2,3938347230.35
MTRE3,4.54,6.28,11.0,0.49,0.3,34.35,8.98,6.96,8.53,7.29,-1.24,-0.07,0.77,0.53,-1.49,3.37,4.43,2.71,3.83,0.61,0.38,0.39,57.62,150.7,1940135.12,9.32,0.41,5.33,480217682.8
MULT3,22.37,2.23,23.24,2.07,1.25,79.14,53.45,40.14,17.45,20.25,2.8,0.33,9.33,26.24,-1.47,1.48,8.92,5.38,7.68,0.6,0.4,0.13,3.03,13.14,123698842.5,10.79,0.96,-0.76,13439020773.75
MYPK3,15.69,8.95,3.73,0.67,0.18,12.85,9.97,4.35,1.63,4.54,2.91,1.2,0.16,1.37,-0.37,1.34,17.95,4.77,11.76,0.27,0.71,1.09,14.96,97.43,23573981.56,23.4,4.2,-0.02,2411860539.69
NEOE3,16.48,4.86,4.84,0.8,0.23,26.36,19.37,9.24,2.31,6.22,3.92,1.36,0.45,5.23,-0.31,1.2,16.58,4.71,10.96,0.28,0.71,0.51,23.82,68.63,30602758.21,20.52,3.4,0.18,20003378647.04
NGRD3,2.01,0.74,39.28,1.05,0.65,65.29,6.06,4.84,31.39,17.6,-13.79,-0.46,1.9,2.07,-1.24,2.88,2.67,1.65,1.55,0.62,0.38,0.34,0.0,0.0,2828000.97,1.92,0.05,-1.74,479711283.3
NINJ3,2.85,0.0,-3.66,0.5,0.47,91.86,-91.35,-62.19,-2.49,2.56,5.05,-1.02,2.27,0.52,-19.23,14.53,-13.72,-12.8,-20.16,0.93,0.07,0.21,0.0,0.0,972100.0,5.68,-0.78,-0.01,143140147.05
NTCO3,14.45,0.91,35.63,0.84,0.38,65.01,2.19,1.44,23.42,32.02,8.6,0.31,0.51,43.06,-0.53,1.03,2.35,1.07,-0.57,0.46,0.54,0.75,38.39,13.55,195092064.38,17.25,0.41,0.01,19954688369.4
ODPV3,9.74,2.6,12.78,4.56,2.75,61.98,30.51,23.49,9.85,9.25,-0.6,-0.28,3.0,-208.51,-3.9,0.96,35.65,21.52,30.59,0.6,0.39,0.92,6.18,14.93,14703791.21,2.14,0.76,1.31,5536856921.22
OIBR3,0.49,0.0,-0.38,-4.48,0.04,5.33,-19.43,-81.23,-1.59,-16.29,-14.67,0.0,0.31,0.16,-0.1,1.76,-1177.93,-10.93,-12.63,-0.01,1.01,0.13,-16.61,0.0,48119994.12,-0.11,-1.29,0.02,3311197430.59
OIBR4,0.97,0.0,-0.75,-8.86,0.08,5.33,-19.43,-81.23,-3.14,-16.29,-14.67,0.0,0.61,0.32,-0.2,1.76,-1177.93,-10.93,-12.63,-0.01,1.01,0.13,-16.61,0.0,1081786.15,-0.11,-1.29,0.04,3311197430.59
ONCO3,4.26,0.0,-31.3,1.16,0.34,32.65,6.71,-2.33,10.86,15.8,4.94,0.53,0.73,1.67,-0.56,1.99,-3.69,-1.07,2.07,0.29,0.63,0.46,0.0,0.0,9778997.32,3.69,-0.14,0.61,2110223899.98
OPCT3,1.9,0.0,-10.44,0.49,0.17,16.79,2.66,-3.6,14.14,44.69,30.55,1.06,0.38,1.5,-0.24,1.63,-4.7,-1.62,0.3,0.34,0.66,0.45,0.0,0.0,2690835.71,3.87,-0.18,-0.2,379923152.6
ORVR3,28.75,0.0,-57.75,6.13,1.69,41.31,25.83,-7.96,17.8,22.62,4.82,1.66,4.6,7.38,-2.79,2.36,-10.61,-2.92,8.45,0.28,0.71,0.37,0.0,0.0,14106115.91,4.69,-0.5,3.06,2055624137.5
PARD3,18.79,2.2,10.83,2.67,1.04,31.37,18.81,11.09,6.38,6.6,0.22,0.09,1.2,33.01,-1.57,1.1,24.66,9.57,23.69,0.39,0.61,0.86,17.16,17.2,4163653.26,7.04,1.74,0.26,2461087800.05
PCAR3,17.89,1.98,2.31,0.34,0.11,25.18,3.15,4.27,3.13,6.2,3.07,0.33,0.1,3.54,-0.16,1.11,14.62,4.67,3.96,0.32,0.62,1.09,4.35,0.0,48662899.62,53.01,7.75,-0.17,4820555370.67
PDGR3,1.09,0.0,0.44,-0.01,0.05,20.38,-105.42,40.08,-0.17,-3.02,-2.85,0.0,0.18,-0.03,-0.24,0.32,-2.73,11.41,17.5,-4.18,5.23,0.28,11.86,0.0,867900.76,-90.93,2.48,0.0,61185468.13
PETR3,29.93,38.58,2.6,0.9,0.39,49.27,47.69,29.53,1.61,2.33,0.78,0.44,0.77,5.63,-0.49,1.53,34.56,15.03,24.67,0.43,0.56,0.51,9.88,0.0,598962070.06,33.29,11.5,0.02,375744441010.34
PETR4,27.31,42.28,2.37,0.82,0.36,49.27,47.69,29.53,1.47,2.33,0.78,0.44,0.7,5.14,-0.45,1.53,34.56,15.03,24.67,0.43,0.56,0.51,9.88,0.0,2643869552.94,33.29,11.5,0.01,375744441010.34
PETZ3,10.47,0.43,69.04,2.72,1.41,48.38,6.98,3.06,30.3,28.24,-2.06,-0.19,2.12,7.88,-2.22,1.95,3.94,2.04,6.96,0.52,0.48,0.66,0.0,0.0,145091939.59,3.85,0.15,1.78,4815573841.65
PGMN3,4.73,0.0,14.61,0.99,0.32,32.06,4.62,1.86,5.88,7.54,1.66,0.28,0.27,1.78,-0.67,1.54,6.81,2.22,10.72,0.33,0.67,1.19,6.32,28.07,6544944.47,4.76,0.32,1.5,2099084423.26
PLPL3,2.14,7.53,4.08,1.32,0.32,29.7,10.76,8.4,3.19,4.18,0.99,0.41,0.34,0.45,-2.91,4.9,32.25,7.78,14.56,0.24,0.76,0.93,0.0,0.0,1608593.03,1.63,0.52,-0.12,437107840.0
PMAM3,6.13,0.0,-1.16,-0.35,0.09,0.88,-7.29,-5.43,-0.87,-9.71,-8.85,0.0,0.06,-1.55,-0.13,0.84,-29.88,-7.97,-15.92,-0.27,1.27,1.47,0.55,0.0,656712.65,-17.67,-5.28,0.02,266065594.37
PNVL3,9.62,1.81,18.14,1.36,0.58,30.55,3.03,2.36,14.15,20.28,6.14,0.59,0.43,2.55,-1.38,1.65,7.47,3.21,5.25,0.43,0.57,1.36,8.67,8.49,7232491.44,7.1,0.53,0.63,1446631367.22
POMO4,2.56,4.18,5.06,0.83,0.36,10.16,7.05,13.23,9.49,13.41,4.42,0.39,0.67,1.56,-0.77,1.79,16.41,7.16,3.73,0.44,0.56,0.54,6.33,16.92,10866661.88,3.08,0.51,0.01,2294227995.2
PORT3,8.35,5.35,11.13,1.65,0.69,43.22,24.93,15.28,6.82,10.74,3.92,0.95,1.7,25.3,-0.82,1.2,14.84,6.22,9.52,0.42,0.58,0.41,6.17,2.45,7141064.18,5.06,0.75,0.12,3673737810.0
POSI3,6.46,5.27,5.28,0.83,0.22,21.95,10.11,4.66,2.44,4.17,1.73,0.59,0.25,0.64,-1.44,1.69,15.74,4.18,15.56,0.27,0.73,0.9,14.02,81.35,19352142.71,7.77,1.22,-0.19,916028000.0
PRIO3,23.04,0.0,8.24,3.02,1.58,59.99,52.28,46.82,7.38,7.15,-0.23,-0.09,3.86,3.45,-3.36,7.52,36.71,19.19,23.73,0.52,0.48,0.41,61.68,59.16,455598176.71,7.62,2.8,0.01,20336172710.4
PRNR3,5.04,1.86,9.61,0.84,0.48,17.47,6.33,4.21,6.4,6.73,0.33,0.04,0.41,2.29,-0.99,1.68,8.7,4.97,8.24,0.57,0.43,1.18,16.24,26.61,866983.26,6.03,0.52,-0.02,196097615.28
PSSA3,18.52,7.65,8.41,1.29,0.28,100.0,4.66,6.4,11.53,2.66,-8.87,-0.99,0.54,5.43,-0.82,1.09,15.32,3.35,10.76,0.22,0.78,0.52,5.64,9.25,30538603.59,14.38,2.2,-0.45,11974773831.2
PTBL3,6.5,11.2,4.29,2.24,0.44,43.9,15.91,10.56,2.85,4.42,1.57,1.24,0.45,3.12,-0.84,1.42,52.24,10.24,26.6,0.2,0.8,0.97,13.47,151.4,5226563.59,2.9,1.51,0.1,916414759.0
QUAL3,14.0,2.27,12.22,2.96,0.9,79.79,29.18,15.68,6.56,8.79,2.22,1.0,1.92,-3.04,-1.24,0.48,24.23,7.39,13.29,0.31,0.69,0.47,1.31,-4.27,39169377.35,4.73,1.15,-0.48,3976200550.0
RADL3,19.11,1.23,43.95,6.64,2.03,29.89,5.28,2.87,23.84,25.13,1.29,0.36,1.26,12.15,-4.48,1.44,15.12,4.62,16.86,0.31,0.69,1.61,16.47,9.92,157547223.62,2.88,0.43,1.29,31568382300.0
RAIL3,16.89,0.11,-354.5,2.13,0.7,27.76,20.17,-1.12,19.65,26.35,6.7,0.73,3.96,7.13,-0.89,1.87,-0.6,-0.2,4.9,0.33,0.67,0.18,11.53,0.0,194951789.09,7.93,-0.05,3.17,31316741979.99
RAIZ4,5.08,1.3,16.7,2.36,0.52,6.12,3.23,1.65,8.52,12.49,3.96,1.1,0.28,7.93,-0.99,1.16,14.15,3.14,9.49,0.22,0.78,1.91,0.0,0.0,87560208.26,2.15,0.3,0.08,52590748178.72
RANI3,6.8,9.02,5.12,1.65,0.72,42.39,30.26,20.56,3.48,4.43,0.95,0.45,1.05,3.1,-1.12,2.93,32.23,14.12,20.35,0.44,0.56,0.69,15.63,0.0,9507280.47,4.12,1.33,0.03,1745697598.0
RAPT4,9.33,6.9,4.43,1.17,0.28,24.95,11.93,7.21,2.68,5.11,2.57,1.12,0.32,0.97,-0.75,1.83,26.43,6.24,12.66,0.24,0.7,0.87,28.12,0.0,23674293.29,7.97,2.11,-0.35,2917688221.98
RCSL3,1.9,0.0,-88.17,-3.91,2.26,12.93,2.35,-2.46,92.53,53.26,-0.41,0.0,2.17,28.32,-4.12,1.21,-4.43,-2.56,-4.07,-0.58,1.58,1.04,0.0,0.0,3434622.06,-0.49,-0.02,0.0,83567101.8
RDOR3,30.14,4.49,42.87,4.46,1.17,22.42,17.1,6.72,16.84,20.97,4.13,1.09,2.88,4.32,-1.97,3.07,10.4,2.74,8.15,0.26,0.71,0.41,0.0,0.0,154951107.06,6.76,0.7,0.41,60592466051.7
RECV3,24.9,0.66,12.31,3.49,1.44,43.36,37.3,39.49,13.04,12.87,-0.16,-0.04,4.86,-27.07,-1.88,0.81,28.37,11.72,13.59,0.41,0.59,0.3,0.0,0.0,39689891.35,7.13,2.02,0.0,7285244191.2
RENT3,50.4,1.5,18.39,4.76,1.43,45.36,32.06,19.22,11.02,13.37,2.35,1.01,3.53,10.4,-2.03,1.87,25.87,7.78,11.88,0.3,0.7,0.4,19.68,38.41,354504914.97,10.6,2.74,0.31,38226720168.0
RNEW4,1.52,0.0,-30.84,-0.23,0.08,5.64,298.74,-5.26,0.54,3.96,3.38,0.0,1.62,-1.69,-0.1,0.85,-0.75,-0.24,58.9,-0.33,1.33,0.05,-27.95,0.0,575142.82,-6.59,-0.05,0.28,176627810.77
ROMI3,12.42,7.87,4.27,0.96,0.47,31.59,14.85,14.76,4.24,6.22,1.98,0.45,0.63,1.56,-1.17,2.03,22.5,11.1,13.28,0.49,0.51,0.75,18.71,0.0,5403193.47,12.94,2.91,0.11,910807311.24
RRRP3,36.75,0.0,-29.9,1.96,1.42,57.2,50.77,-25.67,15.11,11.94,-3.17,-0.41,7.67,6.25,-2.26,2.62,-6.55,-4.76,12.32,0.73,0.27,0.19,0.0,0.0,153370415.85,18.76,-1.23,3.14,7445295616.5
RSID3,1.9,0.0,-0.13,-0.05,0.04,-196.81,-1641.88,-1303.6,-0.1,-1.65,-1.55,0.0,1.66,-0.04,-0.08,0.31,-36.36,-32.83,177.44,-0.9,1.9,0.03,-35.64,0.0,728058.35,-41.13,-14.96,0.0,38000000.0
SANB11,30.0,10.14,7.63,1.06,0.12,34.3,22.14,14.81,5.1,5.1,0.0,0.0,1.13,0.0,-0.12,0.0,13.91,1.55,0.0,0.11,0.89,0.1,0.22,14.98,82025514.35,28.27,3.93,2.12,112477965765.0
SANB3,14.4,10.06,7.32,1.02,0.11,34.3,22.14,14.81,4.9,5.1,0.0,0.0,1.08,0.0,-0.12,0.0,13.91,1.55,0.0,0.11,0.89,0.1,0.22,14.98,996400.26,14.13,1.97,2.04,112477965765.0
SANB4,15.9,10.02,8.09,1.13,0.13,34.3,22.14,14.81,5.41,5.1,0.0,0.0,1.2,0.0,-0.13,0.0,13.91,1.55,0.0,0.11,0.89,0.1,0.22,14.98,1331468.79,14.13,1.97,2.25,112477965765.0
SAPR11,18.83,6.11,4.65,0.7,0.36,59.89,36.04,22.71,2.93,4.55,1.62,0.39,1.06,4.29,-0.44,1.94,15.07,7.83,11.65,0.52,0.48,0.34,8.4,14.3,24315292.5,26.86,4.05,0.19,5691199984.55
SAPR3,3.67,5.81,4.53,0.68,0.35,59.89,36.04,22.71,2.86,4.55,1.62,0.39,1.03,4.19,-0.43,1.94,15.07,7.83,11.65,0.52,0.48,0.34,8.4,14.3,887367.94,5.37,0.81,0.19,5691199984.55
SAPR4,3.82,6.14,4.72,0.71,0.37,59.89,36.04,22.71,2.97,4.55,1.62,0.39,1.07,4.36,-0.45,1.94,15.07,7.83,11.65,0.52,0.48,0.34,8.4,14.3,7177979.76,5.37,0.81,0.2,5691199984.55
SBFG3,20.72,0.57,9.13,2.38,0.71,46.52,9.48,9.78,9.41,12.95,3.54,0.89,0.89,3.32,-1.38,1.8,26.09,7.83,7.24,0.3,0.7,0.8,22.57,0.0,26415510.26,8.7,2.27,-0.02,5034919015.84
SBSP3,41.13,2.29,10.1,1.09,0.52,34.63,20.96,14.15,6.81,10.26,3.45,0.55,1.43,15.75,-0.6,1.34,10.75,5.15,6.93,0.48,0.52,0.36,6.69,-1.13,175214222.35,37.9,4.07,0.33,28112760911.97
SEER3,7.36,1.68,231.3,0.66,0.28,53.42,10.65,0.28,6.01,8.53,2.52,0.28,0.64,19.47,-0.35,1.09,0.28,0.12,7.66,0.43,0.57,0.44,4.57,-55.34,3393452.21,11.22,0.03,-2.37,947390681.6
SEQL3,6.2,0.0,-29.92,1.52,0.44,17.82,3.35,-1.77,15.82,25.05,9.23,0.89,0.53,6.09,-0.65,1.29,-5.08,-1.48,4.01,0.29,0.71,0.84,0.0,0.0,24778657.47,4.08,-0.21,-0.02,869676932.6
SHOW3,3.12,0.0,-4.5,1.52,0.37,18.76,-13.68,-22.62,-7.44,-5.62,1.82,-0.37,1.02,2.85,-1.04,1.25,-33.89,-8.26,-10.78,0.24,0.75,0.37,-47.6,0.0,932539.5,2.05,-0.69,0.08,210327402.48
SHUL4,4.2,4.88,7.38,1.6,0.69,22.21,14.47,11.45,5.83,71.41,1.66,0.45,0.84,1.62,-1.95,2.97,21.64,9.38,13.79,0.43,0.57,0.82,24.09,46.02,1320332.65,2.63,0.57,0.23,17944457831.16
SIMH3,10.16,6.11,9.26,2.88,0.18,33.04,23.68,5.81,2.27,7.09,4.82,6.12,0.54,0.64,-0.32,2.79,31.12,1.93,8.28,0.06,0.89,0.33,16.28,0.0,34694966.26,3.52,1.1,0.07,8518224355.44
SLCE3,52.59,4.61,7.63,2.38,0.74,36.69,31.78,17.74,4.26,4.98,0.72,0.4,1.35,3.66,-1.43,1.73,31.18,9.76,25.2,0.31,0.67,0.55,30.68,117.7,90120080.94,22.11,6.89,0.07,11171304481.41
SMFT3,12.0,0.0,-12.57,1.72,0.63,13.57,-14.07,-28.59,-25.55,-25.6,-0.05,0.0,3.59,2.76,-0.98,2.8,-13.65,-5.03,-3.87,0.37,0.63,0.18,21.63,0.0,21039617.0,6.99,-0.95,0.49,7034907468.0
SMTO3,43.89,5.31,10.62,3.21,1.08,42.01,42.36,27.14,6.8,9.03,2.23,1.05,2.88,6.12,-1.59,2.21,30.21,10.16,15.97,0.34,0.66,0.37,12.98,47.87,79585904.79,13.68,4.13,0.15,15537557229.81
SOJA3,12.25,0.33,11.6,2.22,1.44,14.2,11.48,11.19,11.31,11.16,-0.15,-0.03,1.3,3.46,-4.93,2.44,19.15,12.44,15.69,0.65,0.35,1.11,0.0,0.0,3767767.79,5.51,1.06,0.13,1434968993.5
SOMA3,10.15,0.89,24.32,1.11,0.78,56.5,6.9,9.48,33.42,37.17,3.75,0.12,2.3,4.96,-1.1,2.14,4.57,3.19,1.3,0.7,0.3,0.34,0.0,0.0,63138856.38,9.14,0.42,-0.01,7965185835.95
SQIA3,16.85,0.39,46.68,1.91,1.02,39.63,9.38,7.5,37.34,40.93,3.59,0.18,3.5,-65.0,-1.16,0.88,4.08,2.19,3.27,0.54,0.46,0.29,33.05,30.83,22238632.68,8.85,0.36,0.09,1481822228.2
STBP3,6.51,4.6,16.77,2.5,1.18,42.35,26.6,20.19,12.72,11.12,-1.6,-0.31,3.38,7.18,-1.63,2.47,14.9,7.05,12.38,0.47,0.53,0.35,13.09,0.0,32992379.65,2.61,0.39,0.02,5617026893.52
SULA11,22.93,0.98,32.22,1.2,0.33,5.36,-2.49,1.47,-18.98,8.92,27.9,-1.76,0.47,0.89,-1.02,2.24,3.72,1.03,-8.1,0.28,0.72,0.7,4.58,-15.3,116473067.32,19.14,0.71,-0.37,9764616754.43
SUZB3,49.09,2.72,3.08,2.64,0.59,49.3,42.95,51.86,3.72,6.5,2.78,1.97,1.6,2.78,-0.82,4.12,85.78,19.2,10.03,0.22,0.78,0.37,32.9,66.56,298670360.85,18.57,15.93,0.0,66824429338.56
SYNE3,4.23,205.98,0.51,0.39,0.14,70.26,69.27,54.19,0.4,0.92,0.52,0.51,0.28,0.95,-0.17,4.61,76.79,26.93,36.18,0.35,0.41,0.5,40.5,0.0,3945876.82,10.82,8.31,0.0,645686002.35
TAEE11,40.02,9.6,6.22,1.9,0.79,84.47,102.9,66.02,3.99,5.79,1.8,0.86,4.1,7.28,-0.98,2.32,30.61,12.75,20.58,0.42,0.58,0.19,20.07,20.8,98039682.41,21.03,6.44,-0.64,13786846258.14
TAEE3,13.55,9.45,6.31,1.93,0.81,84.47,102.9,66.02,4.05,5.79,1.8,0.86,4.17,7.39,-1.0,2.32,30.61,12.75,20.58,0.42,0.58,0.19,20.07,20.8,1103480.65,7.01,2.15,-0.65,13786846258.14
TAEE4,13.44,9.53,6.26,1.92,0.8,84.47,102.9,66.02,4.02,5.79,1.8,0.86,4.13,7.33,-0.99,2.32,30.61,12.75,20.58,0.42,0.58,0.19,20.07,20.8,2670215.09,7.01,2.15,-0.65,13786846258.14
TASA3,17.19,9.45,2.68,2.31,0.98,48.79,36.25,26.59,1.97,2.15,0.19,0.22,0.71,3.87,-3.18,1.58,86.01,36.57,50.46,0.43,0.57,1.38,26.98,0.0,829860.97,7.46,6.41,0.05,2031639251.34
TASA4,17.04,9.53,2.66,2.29,0.97,48.79,36.25,26.59,1.95,2.15,0.19,0.22,0.71,3.84,-3.15,1.58,86.01,36.57,50.46,0.43,0.57,1.38,26.98,0.0,21866355.56,7.46,6.41,0.05,2031639251.34
TCSA3,2.08,0.0,-0.93,0.26,0.1,4.93,-69.25,-102.63,-1.37,-4.9,-3.52,0.67,0.95,0.28,-0.2,3.14,-28.36,-10.58,-9.31,0.37,0.57,0.1,-15.57,0.0,955135.65,7.92,-2.25,-0.04,153127998.4
TECN3,2.49,3.25,7.05,0.59,0.3,52.78,16.7,8.11,3.42,4.19,0.77,0.13,0.57,0.64,-0.86,3.81,8.38,4.32,10.61,0.52,0.48,0.53,-2.72,0.0,1490717.09,4.22,0.35,-0.02,190500475.35
TEND3,4.14,0.0,-2.68,0.38,0.1,14.99,-6.75,-6.39,-2.54,-5.97,-3.42,0.51,0.17,0.35,-0.24,1.91,-14.03,-3.68,-8.4,0.26,0.74,0.58,19.26,0.0,13432942.71,11.0,-1.54,0.02,431985178.44
TFCO4,8.68,1.43,91.65,28.63,17.01,59.33,22.8,18.6,74.77,12.67,0.09,0.03,17.04,32.44,-71.61,3.2,31.24,18.56,24.94,0.59,0.41,1.0,0.0,0.0,4273806.53,0.3,0.09,0.55,1386352253.02
TGMA3,14.4,6.49,8.92,1.36,0.92,18.18,11.93,10.5,7.86,7.66,-0.2,-0.03,0.94,3.2,-1.78,2.51,15.23,10.36,12.08,0.68,0.32,0.99,1.74,50.44,3142716.53,10.6,1.61,0.21,950441976.0
TIMS3,12.45,4.12,9.77,1.19,0.61,53.1,20.92,16.73,7.81,6.61,-1.2,-0.18,1.63,6.2,-0.85,1.56,12.18,6.29,13.07,0.52,0.48,0.38,2.95,32.68,80104628.76,10.47,1.27,0.17,30139014755.1
TOTS3,24.41,0.9,41.02,3.5,1.49,66.59,14.43,10.44,29.66,27.29,-2.37,-0.28,4.28,6.82,-3.29,1.67,8.53,3.64,6.6,0.43,0.55,0.35,8.34,19.2,193014736.35,6.98,0.6,2.42,15065441448.21
TPIS3,1.28,1.46,8.39,0.26,0.08,15.74,7.91,2.72,2.88,23.8,20.92,1.87,0.23,-0.57,-0.08,0.26,3.08,0.9,2.09,0.29,0.7,0.33,-7.49,0.0,804422.47,4.96,0.15,-0.1,225280000.0
TRAD3,5.91,0.0,50440.44,2.81,2.68,56.89,-47.28,0.03,-34.32,-28.88,5.45,-0.45,16.23,6.08,-5.16,12.08,0.01,0.01,-12.7,0.95,0.05,0.17,0.0,0.0,16148558.62,2.1,0.0,-505.65,1664534585.58
TRIS3,3.54,6.2,6.92,0.54,0.29,35.09,18.15,12.98,4.94,7.19,2.25,0.24,0.9,0.54,-1.04,3.72,7.76,4.17,6.1,0.54,0.44,0.32,20.68,105.7,6032175.97,6.6,0.51,-0.15,660626084.52
TRPL4,23.23,8.55,5.14,1.03,0.51,72.66,77.8,51.31,3.39,5.25,1.46,0.44,2.64,5.42,-0.59,3.29,20.0,9.93,16.23,0.5,0.49,0.19,-6.6,-9.59,45313072.47,22.61,4.52,-0.32,17085629502.72
TTEN3,8.56,0.18,9.74,1.84,0.85,12.87,5.99,7.46,12.13,12.05,-0.08,-0.01,0.73,2.3,-3.59,1.93,18.93,8.69,8.4,0.46,0.54,1.16,0.0,0.0,8083183.29,4.64,0.88,0.2,4247623058.32
TUPY3,21.45,2.01,10.49,1.16,0.44,16.37,6.98,3.73,5.6,8.13,2.53,0.52,0.39,1.3,-1.17,2.24,11.06,4.24,9.55,0.38,0.62,1.14,16.82,0.0,23200977.41,18.49,2.05,0.07,3092607375.0
UGPA3,12.19,6.42,11.61,1.3,0.35,3.97,1.5,1.0,7.71,15.46,7.74,1.3,0.12,1.1,-0.97,1.98,11.18,3.0,5.86,0.27,0.73,3.01,7.24,-5.6,108232773.82,9.39,1.05,0.33,13593698101.52
UNIP3,84.72,15.26,4.09,3.33,1.36,45.28,46.62,31.36,2.75,2.79,-0.14,-0.16,1.28,5.4,-2.73,2.02,81.47,33.34,50.24,0.41,0.59,1.06,47.87,50.28,3256840.38,25.44,20.72,0.02,9367954190.16
UNIP6,93.12,15.27,4.49,3.66,1.5,45.28,46.62,31.36,3.02,2.79,-0.14,-0.16,1.41,5.93,-3.0,2.02,81.47,33.34,50.24,0.41,0.59,1.06,47.87,50.28,24254412.21,25.44,20.72,0.02,9367954190.16
USIM3,8.84,19.72,1.19,0.48,0.28,30.5,30.88,27.03,1.04,0.94,-0.1,-0.05,0.32,0.77,-0.57,3.69,40.68,23.86,26.93,0.59,0.34,0.88,31.89,0.0,5479993.09,18.3,7.45,0.0,11038872025.04
USIM5,8.77,21.87,1.18,0.48,0.28,30.5,30.88,27.03,1.03,0.94,-0.1,-0.05,0.32,0.77,-0.57,3.69,40.68,23.86,26.93,0.59,0.34,0.88,31.89,0.0,199326462.88,18.3,7.45,0.0,11038872025.04
VALE3,77.41,18.22,3.4,2.17,0.88,58.69,48.6,40.47,2.83,3.0,0.17,0.13,1.38,17.03,-1.11,1.33,63.77,25.77,44.29,0.4,0.59,0.64,25.41,53.57,2402288031.65,35.67,22.75,0.03,386975691276.83
VAMO3,12.5,1.57,27.08,4.44,1.12,37.99,28.26,13.88,13.3,16.68,3.37,1.13,3.76,4.7,-1.85,2.55,16.4,4.14,8.1,0.25,0.75,0.3,571.04,537.78,40838837.97,2.81,0.46,0.25,12212349625.0
VBBR3,16.85,3.46,8.43,1.56,0.53,5.05,1.91,1.64,7.22,10.74,3.53,0.76,0.14,1.94,-1.1,2.15,18.52,6.32,7.9,0.34,0.66,3.86,8.47,0.0,218722916.38,10.8,2.0,-0.19,19630250000.0
VIIA3,2.21,0.0,-7.7,0.63,0.1,30.03,-0.96,-1.49,-12.02,-39.73,-27.72,1.45,0.11,-2.51,-0.2,0.92,-8.15,-1.32,-9.89,0.16,0.84,0.89,9.29,0.0,138542730.56,3.53,-0.29,0.06,3532521141.76
VITT3,9.8,2.32,12.65,2.83,1.59,36.15,17.65,13.58,9.73,11.41,1.68,0.49,1.72,4.76,-5.33,1.91,22.36,12.6,15.83,0.56,0.43,0.93,0.0,0.0,2049820.62,3.46,0.77,0.52,1401881248.6
VIVA3,22.66,1.45,15.72,3.84,2.09,67.9,20.81,21.47,16.21,15.68,-0.53,-0.13,3.37,5.89,-5.46,2.35,24.45,13.28,17.05,0.54,0.46,0.62,0.0,0.0,23397461.85,5.9,1.44,0.1,5352241445.54
VIVR3,0.73,0.0,-1.58,-0.5,0.32,16.9,-112.0,-114.41,-1.61,-4.65,-3.04,0.0,1.81,-0.53,-0.65,0.46,-31.55,-20.28,-216.3,-0.64,1.64,0.18,0.0,0.0,2104799.82,-1.47,-0.46,0.03,104318980.49
VIVT3,45.46,8.06,12.59,1.09,0.66,43.1,15.65,13.59,10.94,12.44,1.5,0.15,1.71,-54.48,-0.81,0.94,8.65,5.23,7.55,0.61,0.39,0.39,0.71,8.18,97046661.03,41.75,3.61,0.38,76233613799.66
VLID3,9.5,3.06,16.83,0.68,0.26,24.98,7.7,2.04,4.45,9.03,4.58,0.71,0.34,1.79,-0.48,1.48,4.07,1.57,7.11,0.39,0.6,0.77,4.98,-12.01,3242131.18,13.88,0.56,-0.14,783516699.0
VULC3,10.58,3.31,7.36,1.85,1.26,35.48,18.14,17.37,7.05,7.45,0.4,0.11,1.28,3.15,-3.63,2.59,25.13,17.13,19.54,0.68,0.32,0.99,10.48,58.16,5124760.79,5.72,1.44,0.01,2600101061.52
VVEO3,13.59,2.99,8.49,1.77,0.57,17.97,8.3,6.91,7.06,7.66,0.6,0.15,0.59,1.59,-1.66,2.2,20.87,6.72,12.62,0.32,0.68,0.97,0.0,0.0,3055219.74,7.67,1.6,0.04,3888416462.4
WEGE3,22.83,2.07,25.45,7.72,3.96,28.58,17.24,14.88,21.96,21.92,-0.04,-0.01,3.79,13.45,-12.37,1.77,30.32,15.58,22.79,0.51,0.47,1.05,20.26,27.5,262613896.68,2.96,0.9,0.62,95824769894.34
WEST3,2.11,0.0,-7.14,0.62,0.5,43.98,-16.11,-10.12,-4.49,-0.87,3.61,-0.5,0.72,0.87,-1.58,5.97,-8.71,-6.98,-14.46,0.8,0.2,0.69,0.0,0.0,1393446.94,3.39,-0.3,-0.01,232516547.76
WIZS3,7.82,7.52,7.72,3.57,0.66,59.67,40.34,20.07,3.84,4.02,0.18,0.16,1.55,-24.87,-0.77,0.84,46.25,8.5,21.78,0.18,0.55,0.42,15.13,2.22,11689485.12,2.19,1.01,-0.36,1250474945.24
YDUQ3,13.33,0.95,21.57,1.26,0.41,55.33,13.49,4.24,6.78,13.08,6.3,1.17,0.92,3.14,-0.57,1.84,5.82,1.9,6.22,0.33,0.67,0.45,6.64,-12.3,38230928.35,10.61,0.62,-0.03,4120154383.83
